,City,Latitude,Longitude,Max Temp,Humidity,Cloudiness,Wind Speed,Country,Date
0,Bilibino,68.05,166.44,-30.48,99,81,2.93,RU,1609813374
1,Cherskiy,68.75,161.3,-31.34,78,84,5.26,RU,1609813375
2,San Cristobal,7.77,-72.22,63.19,45,92,2.37,VE,1609813376
3,Tegul'det,57.31,88.17,-24.34,0,86,3.27,RU,1609813378
4,Dingli,35.86,14.38,52.0,20,61,6.93,MT,1609813379
5,Ushuaia,-54.8,-68.3,51.8,75,53,13.87,AR,1609813380
6,Busselton,-33.65,115.33,77.0,0,44,5.01,AU,1609813381
7,Castro,-24.79,-50.01,61.29,47,95,5.88,BR,1609813382
8,Vila Velha,-20.33,-40.29,77.0,40,88,11.41,BR,1609813210
9,East London,-33.02,27.91,74.77,45,71,5.53,ZA,1609813384
10,Severo-Kuril'sk,50.68,156.12,20.39,75,90,22.1,RU,1609813385
11,Saint-Pierre,-21.34,55.48,77.0,40,69,13.87,RE,1609813386
12,Lompoc,34.64,-120.46,55.4,90,93,6.93,US,1609813388
13,Carnarvon,-24.87,113.63,82.4,0,65,11.41,AU,1609813389
14,Atuona,-9.8,-139.03,78.17,87,77,15.68,PF,1609813390
15,Punta Arenas,-53.15,-70.92,51.8,84,53,17.22,CL,1609813391
16,Grindavik,63.84,-22.43,35.6,75,71,6.93,IS,1609813392
17,Ponta do Sol,32.67,-17.1,64.4,40,82,14.99,PT,1609813393
18,Butaritari,3.07,172.79,82.24,100,77,21.14,KI,1609813394
19,Sheltozero,61.37,35.37,22.75,89,96,5.32,RU,1609813395
20,Albany,42.6,-73.97,34.0,94,87,2.64,US,1609813126
21,Irbeyskoye,55.64,95.45,-22.95,98,83,8.48,RU,1609813397
22,Rawson,-43.3,-65.1,59.65,0,65,13.09,AR,1609813191
23,Puerto Ayora,-0.74,-90.35,72.0,57,91,9.37,EC,1609813399
24,Jinchang,38.5,102.17,9.79,0,77,1.86,CN,1609813400
25,Saint-Philippe,-21.36,55.77,77.0,40,69,13.87,RE,1609813402
26,Kapaa,22.08,-159.32,78.8,1,69,9.17,US,1609813403
27,Awjilah,29.11,21.29,53.74,39,76,13.42,LY,1609813404
28,Qaanaaq,77.48,-69.36,-2.47,98,77,4.38,GL,1609813405
29,Cabo San Lucas,22.89,-109.91,66.2,5,45,2.24,MX,1609813406
30,Taoudenni,22.68,-3.98,64.58,49,24,6.02,ML,1609813407
31,George Town,5.41,100.34,80.6,20,83,3.36,MY,1609813369
32,Montes Claros,-16.73,-43.86,71.6,0,88,2.15,BR,1609813409
33,Mahébourg,-20.41,57.7,77.0,40,78,8.05,MU,1609813410
34,Mataura,-46.19,168.86,55.11,100,95,1.34,NZ,1609813411
35,Rio Grande,-32.03,-52.1,75.0,16,83,1.01,BR,1609813381
36,Bluff,-46.6,168.33,53.56,100,94,1.54,NZ,1609813414
37,Yellowknife,62.46,-114.35,-23.01,20,74,4.7,CA,1609813216
38,Litovko,49.24,135.17,-9.17,0,69,2.8,RU,1609813416
39,Rikitea,-23.12,-134.97,76.86,2,73,16.84,PF,1609813417
40,Kahului,20.89,-156.47,84.2,40,51,10.29,US,1609813418
41,Den Helder,52.96,4.76,37.99,75,93,20.8,NL,1609813419
42,Makakilo City,21.35,-158.09,84.2,1,58,10.29,US,1609813420
43,Tual,-5.67,132.75,81.82,100,79,14.56,ID,1609813421
44,Saraland,30.82,-88.07,52.0,1,87,4.7,US,1609813422
45,Antofagasta,-23.65,-70.4,66.2,75,82,9.17,CL,1609813217
46,Mehamn,71.04,27.85,39.13,100,75,16.04,NO,1609813424
47,Dhilwan,31.52,75.35,59.0,75,87,3.06,IN,1609813426
48,San Joaquin,37.93,-121.3,54.0,1,76,8.05,US,1609813427
49,Vaini,-21.2,-175.2,82.4,75,83,14.99,TO,1609813428
50,Kindu,-2.95,25.95,68.58,99,96,1.79,CD,1609813429
51,Eenhana,-17.47,16.33,77.0,32,50,3.36,NA,1609813430
52,Dikson,73.51,80.55,0.18,100,93,25.12,RU,1609813431
53,Nikolskoye,59.7,30.79,28.4,75,79,2.24,RU,1609813432
54,Rocha,-34.48,-54.33,68.52,94,90,11.18,UY,1609813433
55,Camabatela,-8.19,15.38,62.1,99,100,2.77,AO,1609813434
56,Pevek,69.7,170.31,-16.98,99,89,6.51,RU,1609813435
57,Belaya Gora,68.53,146.42,-27.36,42,84,5.39,RU,1609813436
58,Port Alfred,-33.59,26.89,73.0,71,95,3.0,ZA,1609813437
59,Chokurdakh,70.63,147.92,-27.54,26,85,10.85,RU,1609813439
60,Hermanus,-34.42,19.23,70.0,100,87,1.99,ZA,1609813440
61,Hobart,-42.88,147.33,69.01,75,63,9.17,AU,1609813216
62,Srednekolymsk,67.45,153.68,-28.8,63,84,6.11,RU,1609813442
63,Haukipudas,65.18,25.35,-2.2,90,77,3.36,FI,1609813443
64,Pitimbu,-7.47,-34.81,77.0,20,88,8.05,BR,1609813444
65,Kushima,31.46,131.23,46.4,75,87,8.05,JP,1609813445
66,Alofi,-19.06,-169.92,84.2,40,79,8.05,NU,1609813446
67,Alamogordo,32.9,-105.96,45.0,1,30,4.7,US,1609813447
68,Havelock,34.88,-76.9,44.01,1,100,2.95,US,1609813448
69,Katsuura,35.13,140.3,48.99,75,49,3.36,JP,1609813450
70,Yar-Sale,66.83,70.83,-15.18,2,88,13.4,RU,1609813451
71,Mar del Plata,-38.0,-57.56,66.99,90,100,16.11,AR,1609813452
72,Sumbe,-11.21,13.84,75.27,95,86,5.82,AO,1609813453
73,Nago,26.59,127.98,64.4,75,93,19.46,JP,1609813454
74,São Miguel do Araguaia,-13.28,-50.16,73.15,74,84,4.0,BR,1609813455
75,Sinnamary,5.38,-52.95,77.67,77,86,9.19,GF,1609813456
76,São Filipe,14.9,-24.5,75.11,100,75,4.45,CV,1609813457
77,Chui,-33.7,-53.46,70.25,44,87,11.92,UY,1609813458
78,Galle,6.04,80.22,77.54,33,82,4.81,LK,1609813253
79,Cartagena del Chairá,1.33,-74.84,74.25,87,86,3.38,CO,1609813460
80,Lebu,-37.62,-73.65,56.12,0,77,21.52,CL,1609813461
81,Santa Rosa,14.31,121.11,84.99,75,78,2.24,PH,1609813462
82,Marsá Maţrūḩ,31.35,27.25,60.8,0,72,10.29,EG,1609813464
83,Tiksi,71.69,128.87,-12.05,99,89,10.92,RU,1609813465
84,Lagoa,39.05,-27.98,60.93,100,82,25.23,PT,1609813243
85,Prachuap Khiri Khan,12.22,99.75,77.0,0,61,3.36,TH,1609813467
86,Westport,41.14,-73.36,37.0,1,80,5.82,US,1609813468
87,Hithadhoo,-0.6,73.08,83.07,100,74,16.6,MV,1609813469
88,Kudat,6.88,116.85,75.2,40,100,1.12,MY,1609813470
89,Portland,45.52,-122.68,46.99,100,88,1.99,US,1609813216
90,Ulladulla,-35.35,150.47,79.0,40,61,8.05,AU,1609813472
91,Tuktoyaktuk,69.45,-133.04,-16.6,75,75,9.17,CA,1609813473
92,Hambantota,6.12,81.12,73.4,40,100,5.64,LK,1609813474
93,Urucará,-2.54,-57.76,75.87,100,83,1.12,BR,1609813204
94,Torbay,47.67,-52.73,33.01,90,100,17.22,CA,1609813477
95,Roebourne,-20.78,117.13,92.86,20,38,13.69,AU,1609813478
96,Dali,25.7,100.18,51.75,100,55,3.47,CN,1609813479
97,Rāmpur,28.82,79.03,64.78,100,58,5.95,IN,1609813480
98,Ponta Delgada,37.73,-25.67,59.0,40,87,12.75,PT,1609813481
99,Brasília,-15.78,-47.93,69.8,0,88,2.3,BR,1609813482
100,Ninohe,40.27,141.31,26.6,75,68,9.17,JP,1609813483
101,Hilo,19.73,-155.09,78.8,40,65,10.29,US,1609813484
102,Leningradskiy,69.38,178.42,-5.06,100,87,7.67,RU,1609813485
103,New Norfolk,-42.78,147.06,72.0,77,45,1.01,AU,1609813486
104,Qaţanā,33.44,36.08,54.0,0,53,5.82,SY,1609813488
105,Bherāmāra,24.02,88.99,66.94,94,54,3.44,BD,1609813489
106,Viranşehir,37.24,39.76,43.54,21,57,8.14,TR,1609813490
107,Mae Hong Son,19.3,97.97,60.8,90,100,1.12,TH,1609813491
108,Oranjemund,-28.55,16.43,66.15,100,88,3.09,NA,1609813492
109,Aginskoye,51.1,114.53,-13.5,100,76,21.16,RU,1609813493
110,Klaksvík,62.23,-6.59,41.0,90,100,8.3,FO,1609813494
111,Kruisfontein,-34.0,24.73,72.0,100,93,1.99,ZA,1609813495
112,Maniwaki,46.38,-75.97,26.6,100,92,1.9,CA,1609813405
113,Porto Santo,33.07,-16.34,62.6,40,82,3.36,PT,1609813497
114,Tynda,55.17,124.72,-29.38,32,79,4.36,RU,1609813498
115,Panabá,21.28,-88.27,70.39,48,95,7.87,MX,1609813499
116,Magadan,59.57,150.8,-3.37,100,82,10.31,RU,1609813501
117,Airai,-8.93,125.41,69.64,94,90,3.62,TL,1609813502
118,Wągrowiec,52.81,17.2,33.01,100,87,8.01,PL,1609813503
119,Manaus,-3.1,-60.02,78.8,0,88,2.24,BR,1609813293
120,Bekecs,48.15,21.18,42.8,90,93,11.41,HU,1609813505
121,Northam,51.03,-4.22,39.0,74,74,11.99,GB,1609813506
122,Bintulu,3.17,113.03,78.8,20,83,4.7,MY,1609813259
123,Bubaque,11.28,-15.83,80.4,0,63,9.78,GW,1609813508
124,Tautira,-17.73,-149.15,78.8,75,78,13.87,PF,1609813509
125,Vao,-22.67,167.48,79.56,83,85,23.69,NC,1609813511
126,Ballina,-28.87,153.57,89.6,37,66,14.99,AU,1609813512
127,Yatou,37.15,122.38,25.45,53,90,10.4,CN,1609813513
128,Atar,20.52,-13.05,67.32,33,39,3.94,MR,1609813514
129,Sept-Îles,50.2,-66.38,25.0,7,85,1.12,CA,1609813300
130,Yilan,24.76,121.75,66.0,75,93,11.41,TW,1609813516
131,Iberia,29.95,-91.75,55.4,1,82,4.7,US,1609813517
132,Los Llanos de Aridane,28.66,-17.92,68.0,0,68,5.82,ES,1609813518
133,Kota,25.18,75.83,63.03,18,62,3.6,IN,1609813519
134,Evensk,61.95,159.23,-11.63,0,79,11.3,RU,1609813521
135,Saskylakh,71.92,114.08,1.9,100,92,13.71,RU,1609813522
136,Waitati,-45.75,170.57,59.0,100,86,4.0,NZ,1609813523
137,Saint George,37.1,-113.58,48.99,1,33,4.7,US,1609813304
138,Maumere,-8.62,122.21,84.63,98,68,3.42,ID,1609813525
139,Coyhaique,-45.58,-72.07,59.0,0,47,3.36,CL,1609813526
140,Mossamedes,-15.2,12.15,71.49,98,74,3.18,AO,1609813527
141,Tezu,27.92,96.17,67.03,10,30,0.65,IN,1609813528
142,Barrow,71.29,-156.79,-14.8,90,83,3.36,US,1609813411
143,Goundam,16.41,-3.67,71.91,0,20,10.02,ML,1609813530
144,Ilulissat,69.22,-51.1,13.78,100,96,4.59,GL,1609813531
145,Pringsewu,-5.36,104.97,80.73,85,77,6.11,ID,1609813532
146,La Romana,18.43,-68.97,66.2,20,93,4.7,DO,1609813533
147,Vila Franca do Campo,37.72,-25.43,59.0,40,87,12.75,PT,1609813535
148,Provideniya,64.38,-173.3,-3.42,0,86,12.15,RU,1609813536
149,Pisco,-13.7,-76.22,69.8,0,88,14.99,PE,1609813533
150,Kloulklubed,7.04,134.26,84.2,75,79,11.41,PW,1609813538
151,Warrington,53.39,-2.58,37.4,40,74,6.93,GB,1609813539
152,Mackay,-21.15,149.2,82.4,75,88,9.17,AU,1609813540
153,Ribeira Grande,38.52,-28.7,61.79,100,87,28.23,PT,1609813541
154,Riyadh,24.69,46.72,53.6,0,76,2.24,SA,1609813263
155,Bambous Virieux,-20.34,57.76,77.0,40,78,8.05,MU,1609813543
156,Jamestown,42.1,-79.24,32.0,90,100,5.82,US,1609813544
157,Arraial do Cabo,-22.97,-42.03,75.2,0,88,2.24,BR,1609813546
158,Tokonou,9.65,-9.78,70.32,0,40,0.87,GN,1609813547
159,Xichang,27.9,102.26,49.12,99,56,1.86,CN,1609813455
160,Kokopo,-4.35,152.26,86.0,26,55,3.0,PG,1609813549
161,Qaqortoq,60.72,-46.03,28.4,100,50,11.48,GL,1609813550
162,Östersund,63.18,14.64,15.8,54,92,1.88,SE,1609813280
163,Key Largo,25.09,-80.45,70.0,100,58,7.07,US,1609813552
164,Barnstaple,51.08,-4.06,39.99,93,74,11.99,GB,1609813553
165,Semme,46.2,1.5,32.0,90,92,4.7,FR,1609813554
166,Mount Gambier,-37.83,140.77,60.8,90,67,17.22,AU,1609813406
167,Khatanga,71.97,102.5,-9.56,78,89,15.7,RU,1609813556
168,Kathmandu,27.72,85.32,50.0,75,87,2.24,NP,1609813558
169,Saýat,38.78,63.88,23.0,90,85,4.7,TM,1609813559
170,Frederick,39.47,-77.4,37.99,99,95,3.29,US,1609813560
171,Dinguiraye,11.3,-10.72,72.72,0,28,3.27,GN,1609813561
172,Cape Town,-33.93,18.42,69.01,40,88,18.34,ZA,1609813562
173,Iqaluit,63.75,-68.51,-22.0,5,74,4.7,CA,1609813284
174,Peniche,39.36,-9.38,41.0,12,91,4.0,PT,1609813565
175,Biak,-0.91,122.88,82.24,100,74,3.51,ID,1609813566
176,Tutzing,47.91,11.28,27.0,58,92,4.7,DE,1609813567
177,Kaitangata,-46.28,169.85,59.0,100,86,1.01,NZ,1609813568
178,Souillac,-20.52,57.52,77.0,40,78,8.05,MU,1609813569
179,Sambava,-14.27,50.17,73.63,7,76,4.52,MG,1609813570
180,Padre Bernardo,-15.35,-48.5,67.91,28,88,0.98,BR,1609813571
181,Clyde River,70.47,-68.59,-18.4,1,75,17.22,CA,1609813572
182,Altay,47.87,88.12,-9.02,0,57,2.48,CN,1609813573
183,Saint Paul Harbor,57.79,-152.41,33.8,90,86,6.93,US,1609813575
184,Marawi,8.0,124.29,82.0,100,81,5.01,PH,1609813576
185,La Providencia,28.72,-111.58,62.01,0,43,10.76,MX,1609813577
186,Batemans Bay,-35.72,150.18,79.0,70,56,4.9,AU,1609813578
187,Faanui,-16.48,-151.75,81.16,100,74,17.27,PF,1609813579
188,Oktyabr'skoye,43.06,44.74,26.6,2,100,1.92,RU,1609813580
189,Thompson,55.74,-97.86,-0.4,90,84,2.24,CA,1609813581
190,Mandalgovi,45.76,106.27,-15.25,90,86,9.66,MN,1609813582
191,Cockburn Town,21.46,-71.14,76.71,0,67,11.68,TC,1609813583
192,Hay River,60.82,-115.8,-20.2,95,75,1.12,CA,1609813584
193,Tasiilaq,65.61,-37.64,19.4,0,52,2.24,GL,1609813585
194,Salinópolis,-0.61,-47.36,79.9,99,81,10.04,BR,1609813587
195,Torata,-17.08,-70.84,55.6,85,77,1.99,PE,1609813588
196,Akşehir,38.36,31.42,42.87,100,78,5.55,TR,1609813589
197,Norman Wells,65.28,-126.83,-7.6,20,63,23.04,CA,1609813590
198,Avarua,-21.21,-159.78,84.2,55,70,13.87,CK,1609813591
199,Sitka,57.05,-135.33,41.0,90,65,23.04,US,1609813592
200,Riohacha,11.54,-72.91,70.99,0,72,4.21,CO,1609813593
201,Eyl,7.98,49.82,72.0,49,70,14.12,SO,1609813594
202,Neiafu,-18.65,-173.98,82.4,75,88,9.17,TO,1609813595
203,Mathbaria,22.29,89.96,67.42,77,56,4.38,BD,1609813596
204,Bredasdorp,-34.53,20.04,69.8,100,83,5.82,ZA,1609813597
205,Svetlaya,46.54,138.33,4.05,4,75,5.3,RU,1609813599
206,Yeniseysk,58.45,92.17,-26.95,39,85,4.63,RU,1609813481
207,Tiarei,-17.53,-149.33,78.8,75,78,11.41,PF,1609813601
208,Vágur,61.47,-6.81,45.63,100,85,13.6,FO,1609813602
209,Sar-e Pul,35.83,66.17,19.18,99,80,1.28,AF,1609813603
210,Santa Maria,-29.68,-53.81,75.2,75,83,6.93,BR,1609813604
211,Rameshki,57.34,36.05,28.15,100,99,2.01,RU,1609813605
212,Dudinka,69.41,86.18,-13.0,90,75,15.66,RU,1609813606
213,Inírida,3.87,-67.92,72.93,9,94,1.01,CO,1609813607
214,Maputo,-25.97,32.59,78.8,75,83,6.93,MZ,1609813608
215,Comodoro Rivadavia,-45.87,-67.5,59.0,0,58,12.75,AR,1609813609
216,Straumen,63.87,11.3,30.0,0,85,5.82,NO,1609813610
217,Tura,25.52,90.22,64.09,100,64,2.17,IN,1609813612
218,Jieshi,22.81,115.83,66.99,0,47,1.01,CN,1609813613
219,Mahanoro,-19.9,48.8,72.3,0,88,4.83,MG,1609813614
220,Merauke,-8.47,140.33,85.98,8,72,10.85,ID,1609813615
221,Daru,-9.08,143.21,85.32,100,69,7.43,PG,1609813616
222,Kropotkin,45.44,40.58,35.13,99,86,10.49,RU,1609813617
223,Desnogorsk,54.15,33.28,29.39,100,99,7.72,RU,1609813618
224,Upernavik,72.79,-56.15,19.24,100,93,37.07,GL,1609813619
225,Nara,34.69,135.8,43.0,75,65,1.12,JP,1609813620
226,Mānsa,29.98,75.38,58.24,99,87,9.08,IN,1609813621
227,Muisne,0.6,-80.03,75.09,85,84,10.6,EC,1609813623
228,Sioux Lookout,50.1,-91.92,30.2,90,92,4.7,CA,1609813624
229,Fortuna,40.6,-124.16,46.99,75,100,3.62,US,1609813625
230,Port Moresby,-9.44,147.18,89.6,20,59,11.41,PG,1609813575
231,Nantucket,41.28,-70.1,39.99,90,86,21.92,US,1609813627
232,Goth Phulji,26.88,67.68,47.93,0,51,1.61,PK,1609813628
233,Tilichiki,60.47,166.1,-15.38,33,89,10.76,RU,1609813629
234,Cabedelo,-6.98,-34.83,77.0,20,88,8.05,BR,1609813630
235,Ternovskaya,45.85,40.41,35.73,100,83,15.19,RU,1609813631
236,Phonhong,18.5,102.42,66.2,20,88,4.7,LA,1609813632
237,Akhnūr,32.87,74.73,55.4,90,93,11.41,IN,1609813634
238,Pittsburg,38.03,-121.88,55.4,75,66,8.05,US,1609813451
239,Faya,18.39,42.45,51.8,0,87,0.4,SA,1609813636
240,Bathsheba,13.22,-59.52,77.0,20,78,12.75,BB,1609813637
241,Constitución,-35.33,-72.42,56.89,4,71,12.86,CL,1609813492
242,Maceió,-9.67,-35.74,73.4,75,94,10.67,BR,1609813404
243,Biltine,14.53,20.92,71.76,0,21,11.03,TD,1609813623
244,Sur,22.57,59.53,66.56,0,40,12.26,OM,1609813391
245,Khani,41.96,42.96,50.0,0,31,35.57,GE,1609813642
246,Yomou,7.56,-9.27,69.15,100,97,1.34,GN,1609813643
247,Kaka,37.35,59.61,29.41,0,89,0.81,TM,1609813644
248,Hamilton,39.18,-84.53,36.0,1,92,2.62,US,1609813363
249,Tateyama,34.98,139.87,53.6,75,37,14.99,JP,1609813647
250,Sterling,39.01,-77.43,39.99,90,86,2.89,US,1609813648
251,Nanortalik,60.14,-45.24,27.66,99,97,8.41,GL,1609813649
252,Aban,56.67,96.06,-29.92,27,83,5.99,RU,1609813650
253,Lavrentiya,65.58,-171.0,-7.29,26,88,11.36,RU,1609813651
254,Agüimes,27.91,-15.45,66.2,20,88,5.82,ES,1609813652
255,Padang,-0.95,100.35,84.2,20,62,2.24,ID,1609813653
256,General Roca,-39.03,-67.58,68.0,20,64,10.29,AR,1609813654
257,Gōtsuchō,35.0,132.22,46.4,75,61,5.82,JP,1609813655
258,Bethel,41.37,-73.41,34.0,90,80,3.04,US,1609813657
259,Kiama,-34.68,150.87,79.0,39,77,3.0,AU,1609813658
260,Samarai,-10.62,150.67,86.32,98,69,13.82,PG,1609813659
261,Husavik,66.04,-17.34,39.2,75,55,13.87,IS,1609813660
262,Longyearbyen,78.22,15.64,32.0,90,97,43.62,SJ,1609813504
263,Chyorny Yar,48.06,46.11,26.15,94,91,16.17,RU,1609813662
264,Shizunai-furukawachō,42.33,142.37,25.39,65,84,17.4,JP,1609813610
265,Batagay-Alyta,67.8,130.41,-24.54,14,82,2.35,RU,1609813664
266,Hong Kong,22.29,114.16,66.99,81,51,1.01,HK,1609813661
267,Sundsvall,62.39,17.31,17.01,0,85,5.82,SE,1609813387
268,Ketchikan,55.34,-131.65,39.2,90,100,34.45,US,1609813668
269,Saint-Augustin,51.23,-58.65,18.84,0,94,3.24,CA,1609813669
270,Athens,37.98,23.72,55.0,20,87,4.7,GR,1609813665
271,Tete,-16.16,33.59,77.0,40,100,3.36,MZ,1609813671
272,Tuatapere,-46.13,167.68,55.02,100,92,1.74,NZ,1609813672
273,Port Elizabeth,-33.92,25.57,73.4,75,94,6.93,ZA,1609813673
274,Esperance,-33.87,121.9,64.4,90,52,12.75,AU,1609813522
275,Kavaratti,10.57,72.64,81.7,97,75,8.63,IN,1609813675
276,Bengkulu,-3.8,102.27,83.93,80,67,4.34,ID,1609813676
277,Uyuni,-20.46,-66.83,55.02,3,40,14.23,BO,1609813677
278,Mogok,22.92,96.5,63.46,100,63,1.05,MM,1609813581
279,Buala,-8.14,159.59,88.2,91,60,5.3,SB,1609813679
280,Dryden,49.78,-92.75,28.4,90,92,9.17,CA,1609813681
281,Amarpur,25.03,86.9,65.44,96,54,1.7,IN,1609813682
282,Pinsk,52.12,26.1,39.06,100,91,11.81,BY,1609813683
283,Banjar,-8.19,114.97,82.4,75,83,8.05,ID,1609813684
284,Port Blair,11.67,92.75,82.27,0,73,13.87,IN,1609813685
285,San Quintín,30.48,-115.95,57.67,81,86,15.41,MX,1609813686
286,Westerland,54.91,8.3,35.01,96,87,17.22,DE,1609813687
287,Dodge City,37.75,-100.02,42.01,1,51,6.93,US,1609813688
288,Emerald,-23.53,148.17,91.4,40,46,9.17,AU,1609813690
289,Morgan City,29.7,-91.21,57.0,1,100,4.7,US,1609813691
290,Talnakh,69.49,88.4,-13.0,90,75,15.66,RU,1609813692
291,Mīāndoāb,36.97,46.1,24.8,0,62,9.17,IR,1609813693
292,Yeppoon,-23.13,150.73,87.8,75,55,8.05,AU,1609813694
293,Sarkand,45.41,79.92,5.81,11,46,1.88,KZ,1609813695
294,Dharmanagar,24.37,92.17,62.91,100,77,1.43,IN,1609813696
295,Auki,-8.77,160.7,88.27,92,56,4.74,SB,1609813697
296,Dwārka,22.24,68.97,65.32,0,59,13.62,IN,1609813698
297,Khipro,25.83,69.38,53.62,0,69,6.89,PK,1609813699
298,Verkhnevilyuysk,63.45,120.32,-33.5,87,82,5.66,RU,1609813700
299,Madang,-5.22,145.8,87.04,21,62,4.65,PG,1609813702
300,Olafsvik,64.89,-23.71,38.28,100,76,19.64,IS,1609813703
301,Karratha,-20.74,116.85,95.38,6,31,3.78,AU,1609813704
302,Port Macquarie,-31.43,152.92,87.01,6,60,1.99,AU,1609813705
303,Aberdeen,57.14,-2.1,35.6,98,93,12.75,GB,1609813527
304,Chālūs,36.66,51.42,44.6,75,93,2.24,IR,1609813707
305,Jumla,29.27,82.18,39.61,93,65,5.23,NP,1609813708
306,Shimokizukuri,40.81,140.39,28.99,75,85,9.17,JP,1609813709
307,Mayor Pablo Lagerenza,-19.93,-60.77,73.47,100,95,2.48,PY,1609813710
308,Pangnirtung,66.15,-65.71,-21.41,91,81,0.6,CA,1609813711
309,Varhaug,58.61,5.65,23.0,0,85,2.24,NO,1609813712
310,Lambaréné,-0.7,10.24,74.7,71,93,3.31,GA,1609813714
311,Presidente Médici,-11.18,-61.9,72.16,100,94,2.86,BR,1609813715
312,Bairiki Village,1.33,172.98,84.2,75,70,12.75,KI,1609813716
313,Fukuechō,32.69,128.84,50.0,75,57,13.87,JP,1609813717
314,Yagodnoye,62.55,149.67,-16.22,100,85,2.21,RU,1609813718
315,Verkhnyaya Inta,65.98,60.31,-4.79,3,91,1.36,RU,1609813719
316,Solnechnyy,50.72,136.63,-10.77,72,81,2.06,RU,1609813720
317,Haines Junction,60.75,-137.51,7.65,100,90,2.17,CA,1609813721
318,Anadyr,64.75,177.48,-9.0,0,75,13.42,RU,1609813722
319,Cidreira,-30.18,-50.21,74.03,100,77,19.84,BR,1609813723
320,Alcúdia,39.85,3.12,37.99,0,93,5.82,ES,1609813724
321,Dhidhdhoo,6.88,73.1,81.52,100,78,8.97,MV,1609813520
322,Tabas,33.6,56.92,30.2,19,50,2.24,IR,1609813726
323,Khasan,42.43,130.64,11.21,0,78,23.0,RU,1609813727
324,Half Moon Bay,37.46,-122.43,55.4,90,93,8.3,US,1609813729
325,Sātkhira,22.72,89.1,60.8,52,87,3.36,BD,1609813610
326,Rundu,-17.93,19.77,66.61,100,93,4.09,NA,1609813731
327,São João da Barra,-21.64,-41.05,75.96,98,88,18.9,BR,1609813732
328,San Isidro,-12.12,-77.05,70.0,0,88,10.29,PE,1609813733
329,Aden,12.78,45.04,75.88,7,78,11.36,YE,1609813556
330,Henties Bay,-22.12,14.28,69.01,13,89,7.29,NA,1609813735
331,Bosaso,11.28,49.18,72.52,0,72,5.53,SO,1609813736
332,Orsha,54.52,30.41,32.85,100,96,8.1,BY,1609813737
333,Vanavara,60.34,102.28,-28.37,100,83,7.49,RU,1609813738
334,Heihe,50.24,127.49,-13.0,0,57,4.47,CN,1609813708
335,Log,49.48,43.86,24.35,100,98,12.68,RU,1609813740
336,Kotovo,50.32,44.8,25.25,100,98,12.15,RU,1609813742
337,Wadi Maliz,36.47,8.55,41.0,0,52,11.41,TN,1609813743
338,Ust-Kuyga,70.02,135.6,-35.79,50,79,9.46,RU,1609813744
339,Nuuk,64.18,-51.72,21.2,100,92,8.05,GL,1609813745
340,Mayo,38.89,-76.51,42.01,90,93,4.99,US,1609813746
341,Rudnogorsk,57.26,103.75,-39.46,99,81,3.42,RU,1609813747
342,Luanda,-8.84,13.23,77.0,40,88,6.93,AO,1609813748
343,Āwash,8.98,40.17,64.24,44,53,1.77,ET,1609813749
344,Ambilobe,-13.2,49.05,72.63,2,91,1.52,MG,1609813750
345,Keti Bandar,24.14,67.45,58.93,0,37,8.55,PK,1609813751
346,Udachny,66.42,112.4,-9.4,90,83,6.71,RU,1609813752
347,Tramore,52.16,-7.15,37.0,77,87,5.99,IE,1609813753
348,Timrå,62.49,17.33,17.01,0,92,4.7,SE,1609813754
349,Meulaboh,4.14,96.13,79.02,71,79,5.41,ID,1609813756
350,Yumen,40.28,97.2,8.06,0,75,12.26,CN,1609813757
351,Abu Dhabi,24.47,54.37,59.0,0,62,3.36,AE,1609813699
352,Eureka,40.8,-124.16,46.99,60,93,4.7,US,1609813715
353,Byron Bay,-28.65,153.62,89.01,41,66,17.22,AU,1609813760
354,Carroll,39.55,-77.02,37.99,100,89,3.83,US,1609813761
355,Novyy Urgal,51.07,132.56,-24.61,39,79,1.63,RU,1609813762
356,Alyangula,-13.85,136.42,87.8,40,74,9.17,AU,1609813763
357,Santa Cruz de la Sierra,-17.8,-63.17,71.6,90,100,3.36,BO,1609813732
358,Manta,-0.95,-80.73,77.0,40,73,6.93,EC,1609813738
359,Kysyl-Syr,63.9,122.76,-40.83,47,80,4.38,RU,1609813766
360,Yangjiang,21.85,111.97,71.01,99,36,8.12,CN,1609813768
361,Dawson Creek,55.77,-120.24,23.0,20,79,3.36,CA,1609813769
362,Rafaela,-31.25,-61.49,82.0,7,28,3.06,AR,1609813770
363,Wencheng,33.06,113.8,33.37,99,87,12.53,CN,1609813771
364,Berlevåg,70.86,29.09,36.09,87,81,18.79,NO,1609813772
365,Bonavista,48.65,-53.11,24.8,60,92,3.36,CA,1609813773
366,Hasaki,35.73,140.83,48.2,75,75,2.24,JP,1609813774
367,Bouillante,16.13,-61.77,68.0,0,94,10.16,GP,1609813775
368,Ahipara,-35.17,173.17,73.33,22,59,2.13,NZ,1609813776
369,Dunedin,-45.87,170.5,59.0,100,86,1.01,NZ,1609813777
370,Guerrero Negro,27.98,-114.06,59.85,35,77,11.56,MX,1609813749
371,Shimoda,34.67,138.95,53.6,75,37,14.99,JP,1609813779
372,San Patricio,28.02,-97.52,63.0,1,93,8.05,US,1609813781
373,Port Hueneme,34.15,-119.2,57.2,1,82,3.36,US,1609813782
374,Najrān,17.49,44.13,51.8,0,71,0.67,SA,1609813783
375,Luganville,-15.53,167.17,84.2,75,83,4.7,VU,1609813784
376,Sri Aman,1.24,111.46,77.0,40,88,5.82,MY,1609813785
377,Pañgobilian,8.8,117.86,82.38,96,77,11.97,PH,1609813786
378,Lahaina,20.88,-156.68,82.4,40,58,14.99,US,1609813787
379,Beldānga,23.93,88.25,66.43,86,50,2.64,IN,1609813788
380,Ambanja,-13.68,48.45,73.51,16,88,3.44,MG,1609813789
381,Iralaya,15.0,-83.23,76.26,0,81,7.65,HN,1609813790
382,Asău,46.43,26.4,43.0,100,79,5.77,RO,1609813791
383,Vitim,59.45,112.56,-27.4,100,81,7.65,RU,1609813792
384,Juegang,32.32,121.19,44.01,100,77,4.0,CN,1609813794
385,Veinte de Noviembre,14.98,-92.25,77.0,5,100,3.74,MX,1609813795
386,Lüderitz,-26.65,15.16,68.0,78,82,3.36,NA,1609813796
387,Treinta y Tres,-33.23,-54.38,69.12,21,88,10.31,UY,1609813797
388,Zafra,38.42,-6.42,36.0,91,90,1.01,ES,1609813798
389,College,64.86,-147.8,-11.0,40,68,1.32,US,1609813663
390,Kavieng,-2.57,150.8,85.96,94,70,11.61,PG,1609813800
391,Naze,28.37,129.48,66.2,75,93,24.16,JP,1609813804
392,Beloha,-25.17,45.05,74.32,17,71,2.93,MG,1609813806
393,Cayenne,4.93,-52.33,75.2,0,100,9.64,GF,1609813807
394,Bonthe,7.53,-12.51,78.73,11,86,4.41,SL,1609813809
395,Brae,60.4,-1.35,41.0,99,80,5.82,GB,1609813810
396,Rassvet,46.83,40.75,31.06,100,95,18.77,RU,1609813811
397,Baisha,26.52,110.93,49.17,57,51,3.78,CN,1609813812
398,Bandarbeyla,9.49,50.81,72.09,30,70,15.93,SO,1609813813
399,Ostrovnoy,68.05,39.51,11.25,52,94,11.12,RU,1609813815
400,Buncrana,55.13,-7.45,34.47,59,87,2.91,IE,1609813816
401,Nouadhibou,20.93,-17.03,64.4,0,63,4.7,MR,1609813817
402,Hirara,24.8,125.28,69.8,75,88,14.99,JP,1609813818
403,Vestmannaeyjar,63.44,-20.27,38.89,100,90,7.76,IS,1609813820
404,Flinders,-34.58,150.86,79.0,36,80,1.99,AU,1609813821
405,Sola,-13.88,167.55,83.64,100,73,10.04,VU,1609813799
406,Acarí,-15.43,-74.62,72.28,97,71,3.49,PE,1609813824
407,Bam,29.11,58.36,37.9,24,59,7.52,IR,1609813825
408,Shingū,33.73,135.98,46.4,75,49,11.41,JP,1609813826
409,Vega de Alatorre,20.03,-96.63,69.98,68,87,4.03,MX,1609813828
410,Quaraí,-30.39,-56.45,76.41,73,57,7.52,BR,1609813829
411,Pangai,-19.8,-174.35,84.2,75,79,6.93,TO,1609813830
412,Slavutych,51.52,30.73,31.12,100,98,11.95,UA,1609813832
413,Palana,59.12,159.97,-1.39,100,94,7.07,RU,1609813833
414,Vardø,70.37,31.11,34.75,69,85,22.15,NO,1609813834
415,Alugan,12.22,125.48,84.02,100,66,12.01,PH,1609813835
416,Moa,20.66,-74.94,72.9,1,78,4.25,CU,1609813836
417,Saldanha,-33.01,17.94,62.6,44,82,6.93,ZA,1609813838
418,Santa Barbara,34.73,-120.03,55.99,1,93,11.41,US,1609813839
419,Belle Fourche,44.67,-103.85,35.01,1,54,5.82,US,1609813840
420,Tyazhinskiy,56.12,88.52,-24.65,87,86,3.09,RU,1609813841
421,Petropavlovsk-Kamchatskiy,53.05,158.65,21.2,40,62,4.47,RU,1609813842
422,Stornoway,58.21,-6.39,34.0,0,80,3.36,GB,1609813844
423,Barysh,53.66,47.11,26.69,100,97,7.23,RU,1609813845
424,Santa Cruz del Sur,20.71,-78.0,71.06,0,77,8.59,CU,1609813846
425,Leonidovo,49.28,142.87,-1.71,20,79,2.19,RU,1609813847
426,Arlit,18.74,7.39,72.0,0,22,5.03,NE,1609813849
427,Międzyrzec Podlaski,51.99,22.78,39.43,100,95,13.82,PL,1609813850
428,Jamiltepec,16.28,-97.82,69.67,27,100,1.97,MX,1609813851
429,Puerto Colombia,10.99,-74.95,78.8,0,78,10.29,CO,1609813739
430,Alexandria,31.22,29.96,57.2,85,87,6.42,EG,1609813853
431,Kiruna,67.86,20.23,17.6,13,100,5.82,SE,1609813854
432,Bredy,52.42,60.34,-0.76,91,89,2.57,RU,1609813855
433,Bilma,18.69,12.92,68.2,0,23,4.56,NE,1609813857
434,Enugu,6.44,7.49,74.39,43,92,5.1,NG,1609813838
435,Scarborough,54.28,-0.4,37.0,99,89,3.0,GB,1609813859
436,Heyang,26.1,107.47,42.03,100,69,5.86,CN,1609813860
437,Mahon,39.89,4.27,41.0,0,80,6.93,ES,1609813861
438,Aklavik,68.22,-135.01,-13.0,100,75,6.93,CA,1609813829
439,Pangody,65.85,74.49,-15.83,88,89,10.69,RU,1609813864
440,Qasigiannguit,68.82,-51.19,8.49,100,93,1.66,GL,1609813865
441,Torquay,50.46,-3.51,36.0,45,87,10.0,GB,1609813832
442,Pāsighāt,28.07,95.33,69.82,20,31,0.89,IN,1609813867
443,Omsukchan,62.53,155.8,-31.04,100,79,4.34,RU,1609813868
444,Tsimmerbude,54.67,20.13,32.0,90,98,13.42,RU,1609813870
445,Pulaski,34.77,-92.3,53.6,1,50,9.17,US,1609813871
446,Onega,63.91,38.14,7.48,72,95,3.49,RU,1609813872
447,Paita,-5.09,-81.11,68.32,100,86,7.72,PE,1609813873
448,Colares,38.8,-9.45,46.0,0,93,1.12,PT,1609813874
449,Innisfail,-17.53,146.03,77.0,95,82,1.01,AU,1609813875
450,Kitimat,54.05,-128.65,35.01,100,96,6.24,CA,1609813802
451,Shache,38.42,77.24,16.11,90,94,6.85,CN,1609813877
452,Hohhot,40.81,111.65,-0.4,0,59,2.24,CN,1609813879
453,Babayurt,43.6,46.78,39.94,0,73,28.81,RU,1609813880
454,Moratuwa,6.77,79.88,77.0,40,94,1.12,LK,1609813881
455,Inuvik,68.35,-133.72,-13.0,86,75,6.93,CA,1609813882
456,Kautokeino,69.01,23.04,15.73,59,93,7.63,NO,1609813883
457,Boguchany,58.38,97.45,-25.1,54,81,4.23,RU,1609813884
458,Kŭlob,37.91,69.78,23.0,90,92,1.97,TJ,1609813815
459,Lima,-12.04,-77.03,70.0,0,88,10.29,PE,1609813886
460,Fort Nelson,58.81,-122.7,-5.8,90,76,3.36,CA,1609813887
461,Imbituba,-28.24,-48.67,77.0,75,69,4.7,BR,1609813889
462,Ancud,-41.87,-73.82,55.0,0,66,13.87,CL,1609813890
463,Calabozo,8.92,-67.43,75.99,79,53,7.29,VE,1609813891
464,Kualakapuas,-3.01,114.39,78.8,40,88,8.05,ID,1609813892
465,Kattivākkam,13.22,80.32,77.0,90,100,4.7,IN,1609813893
466,Ust'-Kut,56.79,105.77,-30.08,80,79,3.11,RU,1609813894
467,Montluçon,46.33,2.6,30.99,100,92,2.91,FR,1609813895
468,Republic,37.12,-93.48,37.99,1,86,8.05,US,1609813897
469,Gamboula,4.12,15.14,69.13,6,61,2.55,CF,1609813898
470,New Ulm,44.31,-94.46,30.99,1,86,8.05,US,1609813899
471,Mbala,-8.84,31.37,60.13,98,97,3.42,ZM,1609813900
472,Copperas Cove,31.12,-97.9,53.6,1,54,6.93,US,1609813901
473,Pouébo,-20.4,164.57,83.71,86,75,6.22,NC,1609813902
474,Newport,51.59,-3.0,39.0,88,88,4.0,GB,1609813903
475,Muros,42.78,-9.06,32.0,9,96,6.67,ES,1609813904
476,Moroto,2.53,34.67,65.57,44,63,5.01,UG,1609813905
477,Carutapera,-1.2,-46.02,77.13,100,88,5.26,BR,1609813906
478,Kendari,-3.94,122.5,79.84,100,83,0.6,ID,1609813908
479,Florián,5.8,-73.97,60.35,74,93,3.2,CO,1609813909
480,Marystown,47.17,-55.15,31.23,100,95,14.9,CA,1609813910
481,Tessalit,20.2,1.01,61.72,5,26,6.8,ML,1609813911
482,Tarko-Sale,64.92,77.78,-16.01,100,79,10.94,RU,1609813912
483,Paamiut,61.99,-49.67,30.34,100,98,25.08,GL,1609813913
484,Mercedes,-34.65,-59.43,73.0,32,66,4.0,AR,1609813914
485,Casablanca,33.59,-7.62,53.01,75,100,4.7,MA,1609813777
486,Fort-Shevchenko,44.51,50.26,30.0,0,92,15.12,KZ,1609813917
487,Kyra,49.58,111.98,-15.68,100,72,15.14,RU,1609813918
488,Sidrolândia,-20.93,-54.96,68.0,75,94,10.29,BR,1609813919
489,Morden,49.19,-98.1,28.4,0,68,10.29,CA,1609813744
490,Shaunavon,49.65,-108.42,26.6,98,68,13.87,CA,1609813921
491,Gornopravdinsk,60.05,69.9,-17.34,41,86,6.08,RU,1609813922
492,Port Hawkesbury,45.62,-61.35,32.0,90,89,13.87,CA,1609813923
493,Hobyo,5.35,48.53,75.72,100,70,17.81,SO,1609813925
494,Tevaitoa,-16.78,-151.5,81.95,100,72,19.82,PF,1609813926
495,Quatre Cocos,-20.21,57.76,77.0,40,78,8.05,MU,1609813927
496,Madison,34.73,-86.57,51.01,90,76,6.93,US,1609813647
497,Lorengau,-2.02,147.27,86.31,100,67,12.01,PG,1609813929
498,La Ronge,55.1,-105.28,12.2,28,85,5.82,CA,1609813930
499,Kalemie,-5.95,29.19,69.85,96,84,4.41,CD,1609813931
500,Klerksdorp,-26.85,26.67,65.62,95,73,5.48,ZA,1609813932
501,Bima,-8.47,118.72,80.02,100,81,1.12,ID,1609813933
502,Xucheng,20.35,110.13,68.0,75,60,15.66,CN,1609813935
503,Kibaya,-5.3,36.57,59.63,99,100,2.84,TZ,1609813936
504,Les Cayes,18.2,-73.75,71.29,0,74,5.75,HT,1609813937
505,Tripoli,32.88,13.19,51.17,0,45,7.92,LY,1609813773
506,Iwanai,42.97,140.51,21.88,100,90,10.69,JP,1609813939
507,São Gabriel da Cachoeira,-0.13,-67.09,73.65,90,94,0.29,BR,1609813940
508,Koboko,3.41,30.96,66.87,0,60,0.67,UG,1609813942
509,Doha,25.29,51.53,64.4,0,77,3.36,QA,1609813811
510,Umluj,25.02,37.27,71.73,0,62,5.7,SA,1609813944
511,Beringovskiy,63.05,179.32,-7.89,57,88,16.82,RU,1609813945
512,Rodeo,38.03,-122.27,54.0,1,85,5.91,US,1609813736
513,Lancaster,40.25,-76.25,39.2,90,90,3.27,US,1609813831
514,Keşan,40.86,26.63,60.01,3,34,8.1,TR,1609813948
515,Kutum,14.2,24.67,56.62,0,37,7.05,SD,1609813949
516,Manacapuru,-3.3,-60.62,77.0,0,94,2.24,BR,1609813891
517,Oranjestad,12.52,-70.03,75.2,75,88,8.05,AW,1609813951
518,Nishihara,26.18,127.76,66.2,90,82,12.75,JP,1609813953
519,Coquimbo,-29.95,-71.34,59.0,8,87,5.82,CL,1609813954
520,Codrington,-38.27,141.97,58.46,100,85,16.26,AU,1609813955
521,Isangel,-19.55,169.27,82.4,90,88,9.17,VU,1609813956
522,Noshiro,40.2,140.02,26.6,75,86,4.7,JP,1609813957
523,Benghazi,32.12,20.07,58.48,100,56,7.65,LY,1609813831
524,Hanko,59.83,22.95,30.0,90,86,8.01,FI,1609813959
525,Mitú,1.2,-70.17,72.41,73,97,2.24,CO,1609813703
526,Gijang,35.24,129.21,44.6,75,45,12.75,KR,1609813961
527,Totness,5.88,-56.32,76.6,99,89,7.2,SR,1609813962
528,Santo Antônio do Içá,-3.1,-67.94,73.94,92,97,2.04,BR,1609813964
529,Lake Shasta,40.68,-122.37,51.8,1,62,5.82,US,1609813965
530,Richards Bay,-28.78,32.04,74.26,100,89,8.99,ZA,1609813716
531,Hervey Bay,-25.3,152.85,89.01,100,55,8.05,AU,1609813967
532,Maniitsoq,65.42,-52.9,20.8,100,97,4.59,GL,1609813968
533,Coahuayana Viejo,18.73,-103.68,73.4,5,73,2.53,MX,1609813969
534,Campos Belos,-13.04,-46.77,68.97,100,91,1.9,BR,1609813970
535,Kokoda,-8.88,147.74,90.55,94,45,5.14,PG,1609813971
536,Angoche,-16.23,39.91,76.8,40,85,3.11,MZ,1609813973
537,Honiara,-9.43,159.95,89.6,20,66,5.82,SB,1609813974
538,Solenzo,12.18,-4.08,73.53,0,24,5.88,BF,1609813975
539,Esim,4.87,-2.24,78.6,12,86,8.57,GH,1609813976
540,Iskateley,67.68,53.15,-9.08,0,90,9.06,RU,1609813977
541,Sangar,63.92,127.47,-45.63,69,77,2.06,RU,1609813978
542,Mount Isa,-20.73,139.5,95.0,40,34,10.29,AU,1609813979
543,Lake City,30.19,-82.64,42.8,1,87,3.47,US,1609813732
544,Marzuq,14.4,46.47,54.01,0,57,3.36,YE,1609813951
545,Hualmay,-11.1,-77.61,69.98,100,82,4.12,PE,1609813982
546,Itarema,-2.92,-39.92,78.69,2,83,12.19,BR,1609813784
547,Sinjār,36.32,41.88,43.14,24,62,0.98,IQ,1609813984
548,Guilin,25.28,110.29,48.2,75,81,2.24,CN,1609813985
549,Manzanillo,20.34,-77.12,70.03,0,72,3.18,CU,1609813986
550,Fare,-16.7,-151.02,81.68,100,73,16.62,PF,1609813988
551,Kirkuk,35.47,44.39,46.02,73,54,13.71,IQ,1609813817
552,Venado Tuerto,-33.75,-61.97,73.0,97,75,4.0,AR,1609813990
553,Voh,-20.97,164.7,86.95,82,70,3.71,NC,1609813991
554,Baghdad,33.34,44.4,42.8,0,70,6.93,IQ,1609813812
555,Avera,33.19,-82.53,42.8,1,81,7.34,US,1609813993
556,Tuy Hoa,13.08,109.3,75.49,76,90,13.82,VN,1609813994
557,Tamworth,52.63,-1.7,35.6,90,80,10.29,GB,1609813815
558,Lixouri,38.2,20.43,54.1,23,66,9.15,GR,1609813996
559,Alcañiz,41.05,-0.13,30.99,10,73,11.99,ES,1609813997
560,Lucapa,-8.42,20.74,65.79,100,98,1.88,AO,1609813999
